{"cameraMode":{"drawMode":0,"name":"Shaded","section":"Shading Mode"},"sceneLighting":true,"audioPlay":false,"sceneViewState":{"m_AlwaysRefresh":false,"showFog":true,"showSkybox":true,"showFlares":true,"showImageEffects":true,"showParticleSystems":true,"showVisualEffectGraphs":true,"m_FxEnabled":true},"in2DMode":false,"pivot":{"x":-1.0001788139343262,"y":3.3289356231689455,"z":0.005652397871017456},"rotation":{"x":-0.1953536570072174,"y":0.3272559642791748,"z":-0.06934479624032974,"w":-0.9219197034835815},"size":0.48820722103118899,"orthographic":false}